Model,Accuracy,Precision,Sensitivity/Recall,Specificity,ROC AUC,Elapsed Time,Best Parameters
Quadratic Discriminant Analysis,0.6401985111662531,0.5706806282722513,0.6337209302325582,0.645021645021645,0.7049481526225712,0.015344619750976562,{}
Linear Discriminant Analysis,0.47642679900744417,0.40669856459330145,0.4941860465116279,0.46320346320346323,0.46116480418806005,0.012998580932617188,{}
